gh_run,run_id,label,k,key_step,seg,exec_s,model_load_s,mask_s,ai_s,crop_dec_s,comp_enc_s,up_s,worker_request_at,container_assigned_at,queue_wait_s,run_seg_wall_s,run_alloc_tail_lower_bound_s,run_cold_model_count,total_s,result
32020239193,smoke-k10-ks5-0-1a69ff,smoke,10,5,0,123.8,0.0,11.4,49.0,29.9,19.3,5.2,미측정,미측정,미측정(run 하한만),166.1,0,5,400.3,OK
32020239193,smoke-k10-ks5-0-1a69ff,smoke,10,5,1,138.9,0.0,12.4,59.0,35.4,16.7,6.5,미측정,미측정,미측정(run 하한만),166.1,0,5,400.3,OK
32020239193,smoke-k10-ks5-0-1a69ff,smoke,10,5,2,166.3,0.0,15.6,72.9,41.0,17.8,10.1,미측정,미측정,미측정(run 하한만),166.1,0,5,400.3,OK
32020239193,smoke-k10-ks5-0-1a69ff,smoke,10,5,3,133.2,0.0,11.5,54.1,34.9,20.0,4.1,미측정,미측정,미측정(run 하한만),166.1,0,5,400.3,OK
32020239193,smoke-k10-ks5-0-1a69ff,smoke,10,5,4,111.1,0.0,11.3,39.7,31.2,15.5,4.7,미측정,미측정,미측정(run 하한만),166.1,0,5,400.3,OK
32020239193,smoke-k10-ks5-0-1a69ff,smoke,10,5,5,116.4,6.4,11.4,35.7,35.9,13.5,4.8,미측정,미측정,미측정(run 하한만),166.1,0,5,400.3,OK
32020239193,smoke-k10-ks5-0-1a69ff,smoke,10,5,6,102.2,6.5,9.8,27.7,31.6,12.8,3.9,미측정,미측정,미측정(run 하한만),166.1,0,5,400.3,OK
32020239193,smoke-k10-ks5-0-1a69ff,smoke,10,5,7,132.2,6.6,12.3,47.4,37.2,17.3,2.4,미측정,미측정,미측정(run 하한만),166.1,0,5,400.3,OK
32020239193,smoke-k10-ks5-0-1a69ff,smoke,10,5,8,138.8,6.6,14.1,53.4,34.4,17.0,4.7,미측정,미측정,미측정(run 하한만),166.1,0,5,400.3,OK
32020239193,smoke-k10-ks5-0-1a69ff,smoke,10,5,9,132.7,6.7,12.8,48.5,36.8,15.8,3.8,미측정,미측정,미측정(run 하한만),166.1,0,5,400.3,OK
32022220959,exact-anchor-k10-ks1-0-bc4872,exact-anchor,10,1,0,146.7,0.0,34.1,53.3,26.0,18.4,5.5,미측정,미측정,미측정(run 하한만),213.9,0,5,456.0,OK
32022220959,exact-anchor-k10-ks1-0-bc4872,exact-anchor,10,1,1,178.2,0.0,47.9,60.8,35.4,21.5,3.9,미측정,미측정,미측정(run 하한만),213.9,0,5,456.0,OK
32022220959,exact-anchor-k10-ks1-0-bc4872,exact-anchor,10,1,2,214.2,0.0,61.9,73.2,43.2,22.0,5.3,미측정,미측정,미측정(run 하한만),213.9,0,5,456.0,OK
32022220959,exact-anchor-k10-ks1-0-bc4872,exact-anchor,10,1,3,137.0,0.0,32.3,52.8,27.2,18.0,1.9,미측정,미측정,미측정(run 하한만),213.9,0,5,456.0,OK
32022220959,exact-anchor-k10-ks1-0-bc4872,exact-anchor,10,1,4,132.5,0.0,32.9,39.7,30.9,14.8,4.4,미측정,미측정,미측정(run 하한만),213.9,0,5,456.0,OK
32022220959,exact-anchor-k10-ks1-0-bc4872,exact-anchor,10,1,5,145.4,6.6,40.0,36.6,36.1,14.3,3.7,미측정,미측정,미측정(run 하한만),213.9,0,5,456.0,OK
32022220959,exact-anchor-k10-ks1-0-bc4872,exact-anchor,10,1,6,118.2,6.8,29.9,26.3,31.7,13.1,3.1,미측정,미측정,미측정(run 하한만),213.9,0,5,456.0,OK
32022220959,exact-anchor-k10-ks1-0-bc4872,exact-anchor,10,1,7,164.6,6.5,43.8,49.3,36.6,16.0,4.4,미측정,미측정,미측정(run 하한만),213.9,0,5,456.0,OK
32022220959,exact-anchor-k10-ks1-0-bc4872,exact-anchor,10,1,8,170.7,6.8,53.5,50.1,32.6,15.3,4.3,미측정,미측정,미측정(run 하한만),213.9,0,5,456.0,OK
32022220959,exact-anchor-k10-ks1-0-bc4872,exact-anchor,10,1,9,165.9,6.5,46.7,49.0,36.4,15.8,4.1,미측정,미측정,미측정(run 하한만),213.9,0,5,456.0,OK
32024159741,ks3-singles-k10-ks3-0-7458b2,ks3-singles,10,3,0,122.7,0.0,14.4,55.4,22.3,20.2,4.4,미측정,미측정,미측정(run 하한만),304.4,147.2,8,542.6,OK
32024159741,ks3-singles-k10-ks3-0-7458b2,ks3-singles,10,3,1,143.2,5.8,20.6,51.4,30.4,20.3,5.9,미측정,미측정,미측정(run 하한만),304.4,147.2,8,542.6,OK
32024159741,ks3-singles-k10-ks3-0-7458b2,ks3-singles,10,3,2,157.2,5.3,22.0,71.8,29.6,21.4,2.6,미측정,미측정,미측정(run 하한만),304.4,147.2,8,542.6,OK
32024159741,ks3-singles-k10-ks3-0-7458b2,ks3-singles,10,3,3,152.3,7.0,23.6,53.0,35.9,17.3,6.5,미측정,미측정,미측정(run 하한만),304.4,147.2,8,542.6,OK
32024159741,ks3-singles-k10-ks3-0-7458b2,ks3-singles,10,3,4,119.6,5.6,15.1,43.1,26.9,16.2,4.3,미측정,미측정,미측정(run 하한만),304.4,147.2,8,542.6,OK
32024159741,ks3-singles-k10-ks3-0-7458b2,ks3-singles,10,3,5,128.9,6.6,21.7,36.4,36.1,15.0,4.8,미측정,미측정,미측정(run 하한만),304.4,147.2,8,542.6,OK
32024159741,ks3-singles-k10-ks3-0-7458b2,ks3-singles,10,3,6,80.8,0.0,9.1,27.1,26.7,13.9,3.0,미측정,미측정,미측정(run 하한만),304.4,147.2,8,542.6,OK
32024159741,ks3-singles-k10-ks3-0-7458b2,ks3-singles,10,3,7,151.7,6.4,24.6,55.6,36.6,18.3,2.3,미측정,미측정,미측정(run 하한만),304.4,147.2,8,542.6,OK
32024159741,ks3-singles-k10-ks3-0-7458b2,ks3-singles,10,3,8,145.8,6.7,25.1,51.4,32.5,17.8,4.1,미측정,미측정,미측정(run 하한만),304.4,147.2,8,542.6,OK
32024159741,ks3-singles-k10-ks3-0-7458b2,ks3-singles,10,3,9,138.0,6.6,24.1,45.3,36.7,14.0,3.4,미측정,미측정,미측정(run 하한만),304.4,147.2,8,542.6,OK
32027074129,p50-cand-k10-ks5-0-4a3573,p50-cand,10,5,0,129.7,0.0,18.1,49.8,29.9,19.0,4.0,미측정,미측정,미측정(run 하한만),168.5,0,5,372.3,OK
32027074129,p50-cand-k10-ks5-0-4a3573,p50-cand,10,5,1,147.7,0.0,20.1,61.0,35.1,18.0,4.7,미측정,미측정,미측정(run 하한만),168.5,0,5,372.3,OK
32027074129,p50-cand-k10-ks5-0-4a3573,p50-cand,10,5,2,168.8,0.0,20.0,72.1,40.4,23.0,4.0,미측정,미측정,미측정(run 하한만),168.5,0,5,372.3,OK
32027074129,p50-cand-k10-ks5-0-4a3573,p50-cand,10,5,3,139.0,0.0,20.8,52.8,35.9,16.8,4.1,미측정,미측정,미측정(run 하한만),168.5,0,5,372.3,OK
32027074129,p50-cand-k10-ks5-0-4a3573,p50-cand,10,5,4,120.9,0.0,16.0,43.6,31.6,16.0,5.0,미측정,미측정,미측정(run 하한만),168.5,0,5,372.3,OK
32027074129,p50-cand-k10-ks5-0-4a3573,p50-cand,10,5,5,124.9,6.8,18.6,35.2,37.1,15.0,4.9,미측정,미측정,미측정(run 하한만),168.5,0,5,372.3,OK
32027074129,p50-cand-k10-ks5-0-4a3573,p50-cand,10,5,6,103.2,6.6,15.0,25.2,32.2,12.5,3.6,미측정,미측정,미측정(run 하한만),168.5,0,5,372.3,OK
32027074129,p50-cand-k10-ks5-0-4a3573,p50-cand,10,5,7,148.5,6.6,20.3,53.5,37.3,19.8,2.9,미측정,미측정,미측정(run 하한만),168.5,0,5,372.3,OK
32027074129,p50-cand-k10-ks5-0-4a3573,p50-cand,10,5,8,139.9,6.5,20.1,51.8,32.6,16.7,5.0,미측정,미측정,미측정(run 하한만),168.5,0,5,372.3,OK
32027074129,p50-cand-k10-ks5-0-4a3573,p50-cand,10,5,9,138.7,6.7,17.6,50.6,36.6,18.0,2.2,미측정,미측정,미측정(run 하한만),168.5,0,5,372.3,OK
32027074129,p50-cand-k10-ks5-1-40c1db,p50-cand,10,5,0,123.0,0.0,16.1,50.1,29.8,20.5,4.8,미측정,미측정,미측정(run 하한만),242.0,0,0,478.6,OK
32027074129,p50-cand-k10-ks5-1-40c1db,p50-cand,10,5,1,136.9,0.0,17.5,58.5,33.9,20.5,5.5,미측정,미측정,미측정(run 하한만),242.0,0,0,478.6,OK
32027074129,p50-cand-k10-ks5-1-40c1db,p50-cand,10,5,2,157.1,0.0,20.2,69.1,40.7,21.8,4.3,미측정,미측정,미측정(run 하한만),242.0,0,0,478.6,OK
32027074129,p50-cand-k10-ks5-1-40c1db,p50-cand,10,5,3,130.9,0.0,17.6,51.6,36.2,21.3,3.3,미측정,미측정,미측정(run 하한만),242.0,0,0,478.6,OK
32027074129,p50-cand-k10-ks5-1-40c1db,p50-cand,10,5,4,107.3,0.0,14.4,40.4,30.7,17.8,3.1,미측정,미측정,미측정(run 하한만),242.0,0,0,478.6,OK
32027074129,p50-cand-k10-ks5-1-40c1db,p50-cand,10,5,5,105.9,0.0,13.9,34.5,36.2,15.0,4.5,미측정,미측정,미측정(run 하한만),242.0,0,0,478.6,OK
32027074129,p50-cand-k10-ks5-1-40c1db,p50-cand,10,5,6,90.6,0.0,14.2,25.0,33.0,14.0,3.0,미측정,미측정,미측정(run 하한만),242.0,0,0,478.6,OK
32027074129,p50-cand-k10-ks5-1-40c1db,p50-cand,10,5,7,242.1,0.0,15.5,50.9,36.5,20.3,118.0,미측정,미측정,미측정(run 하한만),242.0,0,0,478.6,OK
32027074129,p50-cand-k10-ks5-1-40c1db,p50-cand,10,5,8,124.1,0.0,19.1,50.9,32.4,16.5,4.2,미측정,미측정,미측정(run 하한만),242.0,0,0,478.6,OK
32027074129,p50-cand-k10-ks5-1-40c1db,p50-cand,10,5,9,124.8,0.0,18.2,47.6,35.7,18.3,3.7,미측정,미측정,미측정(run 하한만),242.0,0,0,478.6,OK
32027074129,p50-cand-k10-ks5-2-75a786,p50-cand,10,5,0,120.1,0.0,16.3,50.0,29.9,19.1,4.0,미측정,미측정,미측정(run 하한만),202.9,26.5,8,429.9,OK
32027074129,p50-cand-k10-ks5-2-75a786,p50-cand,10,5,1,135.8,0.0,16.0,57.7,34.9,21.3,5.2,미측정,미측정,미측정(run 하한만),202.9,26.5,8,429.9,OK
32027074129,p50-cand-k10-ks5-2-75a786,p50-cand,10,5,2,176.4,6.6,21.3,72.2,41.5,22.5,3.6,미측정,미측정,미측정(run 하한만),202.9,26.5,8,429.9,OK
32027074129,p50-cand-k10-ks5-2-75a786,p50-cand,10,5,3,152.2,6.9,22.1,51.6,36.1,22.2,5.7,미측정,미측정,미측정(run 하한만),202.9,26.5,8,429.9,OK
32027074129,p50-cand-k10-ks5-2-75a786,p50-cand,10,5,4,119.4,5.9,13.5,42.9,27.3,18.3,4.0,미측정,미측정,미측정(run 하한만),202.9,26.5,8,429.9,OK
32027074129,p50-cand-k10-ks5-2-75a786,p50-cand,10,5,5,123.5,6.6,17.9,35.3,36.4,14.3,5.4,미측정,미측정,미측정(run 하한만),202.9,26.5,8,429.9,OK
32027074129,p50-cand-k10-ks5-2-75a786,p50-cand,10,5,6,109.2,13.2,15.2,25.2,32.1,12.1,3.7,미측정,미측정,미측정(run 하한만),202.9,26.5,8,429.9,OK
32027074129,p50-cand-k10-ks5-2-75a786,p50-cand,10,5,7,136.0,5.9,15.5,54.6,31.9,17.2,3.6,미측정,미측정,미측정(run 하한만),202.9,26.5,8,429.9,OK
32027074129,p50-cand-k10-ks5-2-75a786,p50-cand,10,5,8,127.0,6.0,15.1,48.2,27.9,17.2,4.8,미측정,미측정,미측정(run 하한만),202.9,26.5,8,429.9,OK
32027074129,p50-cand-k10-ks5-2-75a786,p50-cand,10,5,9,119.3,6.2,11.4,49.4,26.2,18.7,2.1,미측정,미측정,미측정(run 하한만),202.9,26.5,8,429.9,OK
32030158720,p50-v2-k12-ks5-0-7ea0ca,p50-v2,12,5,0,115.0,0.0,14.6,43.8,26.2,17.9,4.4,미측정,미측정,미측정(run 하한만),234.9,87.2,7,426.9,OK
32030158720,p50-v2-k12-ks5-0-7ea0ca,p50-v2,12,5,1,124.3,0.0,19.7,41.9,36.4,14.1,3.8,미측정,미측정,미측정(run 하한만),234.9,87.2,7,426.9,OK
32030158720,p50-v2-k12-ks5-0-7ea0ca,p50-v2,12,5,2,123.5,0.0,14.7,61.3,23.6,17.7,1.7,미측정,미측정,미측정(run 하한만),234.9,87.2,7,426.9,OK
32030158720,p50-v2-k12-ks5-0-7ea0ca,p50-v2,12,5,3,144.8,0.0,19.6,61.6,32.4,18.8,4.1,미측정,미측정,미측정(run 하한만),234.9,87.2,7,426.9,OK
32030158720,p50-v2-k12-ks5-0-7ea0ca,p50-v2,12,5,4,94.3,5.6,9.2,28.4,25.3,11.5,5.2,미측정,미측정,미측정(run 하한만),234.9,87.2,7,426.9,OK
32030158720,p50-v2-k12-ks5-0-7ea0ca,p50-v2,12,5,5,105.3,5.0,10.5,38.8,23.7,16.0,3.2,미측정,미측정,미측정(run 하한만),234.9,87.2,7,426.9,OK
32030158720,p50-v2-k12-ks5-0-7ea0ca,p50-v2,12,5,6,100.0,5.7,10.2,35.9,25.9,16.0,2.5,미측정,미측정,미측정(run 하한만),234.9,87.2,7,426.9,OK
32030158720,p50-v2-k12-ks5-0-7ea0ca,p50-v2,12,5,7,101.2,6.7,11.5,21.2,35.0,17.8,3.5,미측정,미측정,미측정(run 하한만),234.9,87.2,7,426.9,OK
32030158720,p50-v2-k12-ks5-0-7ea0ca,p50-v2,12,5,8,118.3,5.9,11.6,44.1,29.7,15.0,2.1,미측정,미측정,미측정(run 하한만),234.9,87.2,7,426.9,OK
32030158720,p50-v2-k12-ks5-0-7ea0ca,p50-v2,12,5,9,125.3,6.5,16.0,42.8,34.9,14.5,2.6,미측정,미측정,미측정(run 하한만),234.9,87.2,7,426.9,OK
32030158720,p50-v2-k12-ks5-0-7ea0ca,p50-v2,12,5,10,147.7,6.5,18.8,46.5,37.1,26.5,4.0,미측정,미측정,미측정(run 하한만),234.9,87.2,7,426.9,OK
32030158720,p50-v2-k12-ks5-0-7ea0ca,p50-v2,12,5,11,83.6,0.0,8.3,36.1,22.1,12.7,3.1,미측정,미측정,미측정(run 하한만),234.9,87.2,7,426.9,OK
32030158720,p50-v2-k12-ks5-1-69a7ce,p50-v2,12,5,0,90.4,0.0,8.3,41.7,21.4,14.0,3.9,미측정,미측정,미측정(run 하한만),137.5,3.4,6,347.4,OK
32030158720,p50-v2-k12-ks5-1-69a7ce,p50-v2,12,5,1,127.7,0.0,19.8,41.9,44.5,16.3,4.3,미측정,미측정,미측정(run 하한만),137.5,3.4,6,347.4,OK
32030158720,p50-v2-k12-ks5-1-69a7ce,p50-v2,12,5,2,127.6,0.0,15.4,58.7,27.9,20.3,4.7,미측정,미측정,미측정(run 하한만),137.5,3.4,6,347.4,OK
32030158720,p50-v2-k12-ks5-1-69a7ce,p50-v2,12,5,3,134.1,0.0,16.7,59.3,30.0,19.3,8.1,미측정,미측정,미측정(run 하한만),137.5,3.4,6,347.4,OK
32030158720,p50-v2-k12-ks5-1-69a7ce,p50-v2,12,5,4,77.0,0.0,8.6,27.5,25.7,12.7,1.7,미측정,미측정,미측정(run 하한만),137.5,3.4,6,347.4,OK
32030158720,p50-v2-k12-ks5-1-69a7ce,p50-v2,12,5,5,91.3,0.0,8.0,37.5,26.2,15.0,3.3,미측정,미측정,미측정(run 하한만),137.5,3.4,6,347.4,OK
32030158720,p50-v2-k12-ks5-1-69a7ce,p50-v2,12,5,6,129.2,6.6,16.9,39.2,36.0,13.2,7.4,미측정,미측정,미측정(run 하한만),137.5,3.4,6,347.4,OK
32030158720,p50-v2-k12-ks5-1-69a7ce,p50-v2,12,5,7,132.6,5.8,7.5,19.2,28.4,10.5,52.7,미측정,미측정,미측정(run 하한만),137.5,3.4,6,347.4,OK
32030158720,p50-v2-k12-ks5-1-69a7ce,p50-v2,12,5,8,119.0,4.9,13.9,44.6,28.0,17.2,3.3,미측정,미측정,미측정(run 하한만),137.5,3.4,6,347.4,OK
32030158720,p50-v2-k12-ks5-1-69a7ce,p50-v2,12,5,9,105.0,5.4,9.5,40.4,27.7,15.2,2.6,미측정,미측정,미측정(run 하한만),137.5,3.4,6,347.4,OK
32030158720,p50-v2-k12-ks5-1-69a7ce,p50-v2,12,5,10,123.3,5.8,12.2,43.4,31.1,16.0,4.3,미측정,미측정,미측정(run 하한만),137.5,3.4,6,347.4,OK
32030158720,p50-v2-k12-ks5-1-69a7ce,p50-v2,12,5,11,108.5,6.6,15.6,37.4,27.2,12.0,2.5,미측정,미측정,미측정(run 하한만),137.5,3.4,6,347.4,OK
32030158720,p50-v2-k12-ks5-2-04035a,p50-v2,12,5,0,93.6,0.0,8.7,42.7,22.2,15.7,3.3,미측정,미측정,미측정(run 하한만),204.5,0,1,390.8,OK
32030158720,p50-v2-k12-ks5-2-04035a,p50-v2,12,5,1,107.2,0.0,12.8,40.1,30.7,13.7,4.7,미측정,미측정,미측정(run 하한만),204.5,0,1,390.8,OK
32030158720,p50-v2-k12-ks5-2-04035a,p50-v2,12,5,2,128.9,0.0,17.1,58.4,28.1,19.8,4.7,미측정,미측정,미측정(run 하한만),204.5,0,1,390.8,OK
32030158720,p50-v2-k12-ks5-2-04035a,p50-v2,12,5,3,126.3,0.0,11.5,60.7,28.4,20.5,4.3,미측정,미측정,미측정(run 하한만),204.5,0,1,390.8,OK
32030158720,p50-v2-k12-ks5-2-04035a,p50-v2,12,5,4,88.0,0.0,13.4,27.3,29.1,12.6,4.8,미측정,미측정,미측정(run 하한만),204.5,0,1,390.8,OK
32030158720,p50-v2-k12-ks5-2-04035a,p50-v2,12,5,5,99.4,0.0,8.1,34.4,25.6,15.5,3.8,미측정,미측정,미측정(run 하한만),204.5,0,1,390.8,OK
32030158720,p50-v2-k12-ks5-2-04035a,p50-v2,12,5,6,92.5,0.0,10.4,34.9,27.3,15.7,3.2,미측정,미측정,미측정(run 하한만),204.5,0,1,390.8,OK
32030158720,p50-v2-k12-ks5-2-04035a,p50-v2,12,5,7,77.5,0.0,9.9,18.6,32.7,11.3,4.3,미측정,미측정,미측정(run 하한만),204.5,0,1,390.8,OK
32030158720,p50-v2-k12-ks5-2-04035a,p50-v2,12,5,8,112.7,0.0,14.3,43.7,35.2,15.2,3.7,미측정,미측정,미측정(run 하한만),204.5,0,1,390.8,OK
32030158720,p50-v2-k12-ks5-2-04035a,p50-v2,12,5,9,204.6,0.0,9.2,39.3,29.9,13.8,111.1,미측정,미측정,미측정(run 하한만),204.5,0,1,390.8,OK
32030158720,p50-v2-k12-ks5-2-04035a,p50-v2,12,5,10,103.0,0.0,9.8,44.5,29.8,15.7,2.6,미측정,미측정,미측정(run 하한만),204.5,0,1,390.8,OK
32030158720,p50-v2-k12-ks5-2-04035a,p50-v2,12,5,11,143.7,7.0,13.6,38.4,23.5,13.6,4.5,미측정,미측정,미측정(run 하한만),204.5,0,1,390.8,OK
32032011901,p50-v3-k12-ks5-0-1f1d5e,p50-v3,12,5,0,103.5,0.0,11.3,42.7,25.6,17.5,4.3,미측정,미측정,미측정(run 하한만),150.9,3.3,11,355.7,OK
32032011901,p50-v3-k12-ks5-0-1f1d5e,p50-v3,12,5,1,128.8,6.6,18.5,41.0,36.4,13.6,4.7,미측정,미측정,미측정(run 하한만),150.9,3.3,11,355.7,OK
32032011901,p50-v3-k12-ks5-0-1f1d5e,p50-v3,12,5,2,147.6,6.5,17.5,58.2,27.8,22.1,6.7,미측정,미측정,미측정(run 하한만),150.9,3.3,11,355.7,OK
32032011901,p50-v3-k12-ks5-0-1f1d5e,p50-v3,12,5,3,146.5,7.1,19.7,59.4,28.7,20.5,3.4,미측정,미측정,미측정(run 하한만),150.9,3.3,11,355.7,OK
32032011901,p50-v3-k12-ks5-0-1f1d5e,p50-v3,12,5,4,106.2,6.3,15.1,28.7,30.1,13.1,4.7,미측정,미측정,미측정(run 하한만),150.9,3.3,11,355.7,OK
32032011901,p50-v3-k12-ks5-0-1f1d5e,p50-v3,12,5,5,112.8,6.6,13.5,36.4,30.9,14.3,3.9,미측정,미측정,미측정(run 하한만),150.9,3.3,11,355.7,OK
32032011901,p50-v3-k12-ks5-0-1f1d5e,p50-v3,12,5,6,141.9,6.6,15.2,35.8,32.1,12.5,4.5,미측정,미측정,미측정(run 하한만),150.9,3.3,11,355.7,OK
32032011901,p50-v3-k12-ks5-0-1f1d5e,p50-v3,12,5,7,94.7,6.3,11.3,20.9,34.1,10.5,3.7,미측정,미측정,미측정(run 하한만),150.9,3.3,11,355.7,OK
32032011901,p50-v3-k12-ks5-0-1f1d5e,p50-v3,12,5,8,127.6,6.2,15.9,43.0,34.0,16.1,3.7,미측정,미측정,미측정(run 하한만),150.9,3.3,11,355.7,OK
32032011901,p50-v3-k12-ks5-0-1f1d5e,p50-v3,12,5,9,122.5,6.6,14.9,40.3,35.3,14.5,3.6,미측정,미측정,미측정(run 하한만),150.9,3.3,11,355.7,OK
32032011901,p50-v3-k12-ks5-0-1f1d5e,p50-v3,12,5,10,132.5,6.6,18.1,45.5,37.3,14.8,3.0,미측정,미측정,미측정(run 하한만),150.9,3.3,11,355.7,OK
32032011901,p50-v3-k12-ks5-0-1f1d5e,p50-v3,12,5,11,113.7,9.2,16.5,37.4,27.7,12.1,3.9,미측정,미측정,미측정(run 하한만),150.9,3.3,11,355.7,OK
32032011901,p50-v3-k12-ks5-1-9d0411,p50-v3,12,5,0,138.3,0.0,14.5,44.6,26.0,15.7,13.6,미측정,미측정,미측정(run 하한만),137.8,0,0,355.5,OK
32032011901,p50-v3-k12-ks5-1-9d0411,p50-v3,12,5,1,114.0,0.0,15.6,40.9,36.5,15.5,4.2,미측정,미측정,미측정(run 하한만),137.8,0,0,355.5,OK
32032011901,p50-v3-k12-ks5-1-9d0411,p50-v3,12,5,2,129.2,0.0,16.9,57.8,27.7,21.1,4.5,미측정,미측정,미측정(run 하한만),137.8,0,0,355.5,OK
32032011901,p50-v3-k12-ks5-1-9d0411,p50-v3,12,5,3,129.9,0.0,14.9,58.3,28.8,21.5,4.3,미측정,미측정,미측정(run 하한만),137.8,0,0,355.5,OK
32032011901,p50-v3-k12-ks5-1-9d0411,p50-v3,12,5,4,89.0,0.0,14.0,27.3,30.5,13.3,2.8,미측정,미측정,미측정(run 하한만),137.8,0,0,355.5,OK
32032011901,p50-v3-k12-ks5-1-9d0411,p50-v3,12,5,5,99.9,0.0,12.2,36.4,30.4,15.8,4.0,미측정,미측정,미측정(run 하한만),137.8,0,0,355.5,OK
32032011901,p50-v3-k12-ks5-1-9d0411,p50-v3,12,5,6,115.9,0.0,15.4,33.9,46.4,14.8,4.2,미측정,미측정,미측정(run 하한만),137.8,0,0,355.5,OK
32032011901,p50-v3-k12-ks5-1-9d0411,p50-v3,12,5,7,76.9,0.0,9.5,19.3,32.7,10.8,3.6,미측정,미측정,미측정(run 하한만),137.8,0,0,355.5,OK
32032011901,p50-v3-k12-ks5-1-9d0411,p50-v3,12,5,8,117.8,0.0,14.1,42.2,33.8,16.1,10.5,미측정,미측정,미측정(run 하한만),137.8,0,0,355.5,OK
32032011901,p50-v3-k12-ks5-1-9d0411,p50-v3,12,5,9,113.2,0.0,16.5,39.0,37.9,15.5,3.2,미측정,미측정,미측정(run 하한만),137.8,0,0,355.5,OK
32032011901,p50-v3-k12-ks5-1-9d0411,p50-v3,12,5,10,121.8,0.0,13.4,44.5,36.9,16.5,9.3,미측정,미측정,미측정(run 하한만),137.8,0,0,355.5,OK
32032011901,p50-v3-k12-ks5-1-9d0411,p50-v3,12,5,11,90.1,0.0,10.5,36.5,26.1,12.3,3.9,미측정,미측정,미측정(run 하한만),137.8,0,0,355.5,OK
32032011901,p50-v3-k12-ks5-2-4187d6,p50-v3,12,5,0,103.9,0.0,13.4,42.0,25.8,17.8,4.3,미측정,미측정,미측정(run 하한만),127.9,0,0,348.1,OK
32032011901,p50-v3-k12-ks5-2-4187d6,p50-v3,12,5,1,113.6,0.0,15.1,41.2,36.0,15.0,5.6,미측정,미측정,미측정(run 하한만),127.9,0,0,348.1,OK
32032011901,p50-v3-k12-ks5-2-4187d6,p50-v3,12,5,2,126.8,0.0,15.4,57.9,28.2,21.6,3.1,미측정,미측정,미측정(run 하한만),127.9,0,0,348.1,OK
32032011901,p50-v3-k12-ks5-2-4187d6,p50-v3,12,5,3,128.3,0.0,16.1,58.2,28.4,20.8,4.1,미측정,미측정,미측정(run 하한만),127.9,0,0,348.1,OK
32032011901,p50-v3-k12-ks5-2-4187d6,p50-v3,12,5,4,86.1,0.0,11.2,27.5,29.1,13.0,4.7,미측정,미측정,미측정(run 하한만),127.9,0,0,348.1,OK
32032011901,p50-v3-k12-ks5-2-4187d6,p50-v3,12,5,5,99.0,0.0,12.2,35.3,31.2,16.3,3.3,미측정,미측정,미측정(run 하한만),127.9,0,0,348.1,OK
32032011901,p50-v3-k12-ks5-2-4187d6,p50-v3,12,5,6,95.7,0.0,13.3,33.9,31.7,13.1,2.7,미측정,미측정,미측정(run 하한만),127.9,0,0,348.1,OK
32032011901,p50-v3-k12-ks5-2-4187d6,p50-v3,12,5,7,76.5,0.0,10.1,18.4,32.7,11.1,3.7,미측정,미측정,미측정(run 하한만),127.9,0,0,348.1,OK
32032011901,p50-v3-k12-ks5-2-4187d6,p50-v3,12,5,8,111.3,0.0,13.9,42.2,33.7,17.0,3.9,미측정,미측정,미측정(run 하한만),127.9,0,0,348.1,OK
32032011901,p50-v3-k12-ks5-2-4187d6,p50-v3,12,5,9,102.1,0.0,11.7,39.1,34.1,14.0,2.1,미측정,미측정,미측정(run 하한만),127.9,0,0,348.1,OK
32032011901,p50-v3-k12-ks5-2-4187d6,p50-v3,12,5,10,121.5,0.0,14.3,44.5,41.8,17.8,2.6,미측정,미측정,미측정(run 하한만),127.9,0,0,348.1,OK
32032011901,p50-v3-k12-ks5-2-4187d6,p50-v3,12,5,11,93.0,0.0,12.5,37.6,27.5,12.4,1.9,미측정,미측정,미측정(run 하한만),127.9,0,0,348.1,OK
32034908911,final-warm10-k12-ks5-0-9f1b3f,final-warm10,12,5,0,131.5,0.0,10.7,42.9,22.1,16.0,30.0,미측정,미측정,미측정(run 하한만),141.0,0,2,399.5,OK
32034908911,final-warm10-k12-ks5-0-9f1b3f,final-warm10,12,5,1,123.2,0.0,18.2,41.3,36.8,14.3,4.4,미측정,미측정,미측정(run 하한만),141.0,0,2,399.5,OK
32034908911,final-warm10-k12-ks5-0-9f1b3f,final-warm10,12,5,2,141.4,0.0,19.0,59.8,27.8,22.1,4.5,미측정,미측정,미측정(run 하한만),141.0,0,2,399.5,OK
32034908911,final-warm10-k12-ks5-0-9f1b3f,final-warm10,12,5,3,140.2,0.0,19.1,61.5,29.7,16.3,5.2,미측정,미측정,미측정(run 하한만),141.0,0,2,399.5,OK
32034908911,final-warm10-k12-ks5-0-9f1b3f,final-warm10,12,5,4,81.9,0.0,8.3,28.9,22.5,12.2,3.2,미측정,미측정,미측정(run 하한만),141.0,0,2,399.5,OK
32034908911,final-warm10-k12-ks5-0-9f1b3f,final-warm10,12,5,5,108.5,0.0,14.3,37.3,32.1,12.3,4.7,미측정,미측정,미측정(run 하한만),141.0,0,2,399.5,OK
32034908911,final-warm10-k12-ks5-0-9f1b3f,final-warm10,12,5,6,111.1,0.0,17.0,35.3,32.2,12.8,5.3,미측정,미측정,미측정(run 하한만),141.0,0,2,399.5,OK
32034908911,final-warm10-k12-ks5-0-9f1b3f,final-warm10,12,5,7,93.9,0.0,12.6,20.2,40.0,12.6,1.7,미측정,미측정,미측정(run 하한만),141.0,0,2,399.5,OK
32034908911,final-warm10-k12-ks5-0-9f1b3f,final-warm10,12,5,8,122.6,0.0,16.2,45.5,34.0,15.8,3.4,미측정,미측정,미측정(run 하한만),141.0,0,2,399.5,OK
32034908911,final-warm10-k12-ks5-0-9f1b3f,final-warm10,12,5,9,99.3,0.0,9.2,41.3,26.3,15.2,3.4,미측정,미측정,미측정(run 하한만),141.0,0,2,399.5,OK
32034908911,final-warm10-k12-ks5-0-9f1b3f,final-warm10,12,5,10,135.6,7.0,18.4,46.4,37.2,15.2,3.7,미측정,미측정,미측정(run 하한만),141.0,0,2,399.5,OK
32034908911,final-warm10-k12-ks5-0-9f1b3f,final-warm10,12,5,11,97.1,6.6,9.0,37.8,21.1,16.2,1.1,미측정,미측정,미측정(run 하한만),141.0,0,2,399.5,OK
32034908911,final-warm10-k12-ks5-1-9c7d89,final-warm10,12,5,0,107.5,0.0,13.6,42.3,25.7,22.0,2.8,미측정,미측정,미측정(run 하한만),164.0,0,2,375.5,OK
32034908911,final-warm10-k12-ks5-1-9c7d89,final-warm10,12,5,1,112.9,0.0,16.2,40.7,35.7,15.6,4.0,미측정,미측정,미측정(run 하한만),164.0,0,2,375.5,OK
32034908911,final-warm10-k12-ks5-1-9c7d89,final-warm10,12,5,2,164.4,0.0,10.1,57.6,23.4,16.7,55.2,미측정,미측정,미측정(run 하한만),164.0,0,2,375.5,OK
32034908911,final-warm10-k12-ks5-1-9c7d89,final-warm10,12,5,3,124.0,0.0,16.5,59.1,29.0,15.8,2.6,미측정,미측정,미측정(run 하한만),164.0,0,2,375.5,OK
32034908911,final-warm10-k12-ks5-1-9c7d89,final-warm10,12,5,4,76.5,0.0,7.7,28.0,24.2,12.2,3.5,미측정,미측정,미측정(run 하한만),164.0,0,2,375.5,OK
32034908911,final-warm10-k12-ks5-1-9c7d89,final-warm10,12,5,5,88.5,0.0,6.6,36.9,26.2,14.7,3.1,미측정,미측정,미측정(run 하한만),164.0,0,2,375.5,OK
32034908911,final-warm10-k12-ks5-1-9c7d89,final-warm10,12,5,6,97.2,0.0,14.7,33.7,31.7,12.8,3.6,미측정,미측정,미측정(run 하한만),164.0,0,2,375.5,OK
32034908911,final-warm10-k12-ks5-1-9c7d89,final-warm10,12,5,7,67.8,0.0,5.5,19.8,27.7,11.5,2.6,미측정,미측정,미측정(run 하한만),164.0,0,2,375.5,OK
32034908911,final-warm10-k12-ks5-1-9c7d89,final-warm10,12,5,8,119.1,0.0,19.1,42.6,34.8,19.0,1.9,미측정,미측정,미측정(run 하한만),164.0,0,2,375.5,OK
32034908911,final-warm10-k12-ks5-1-9c7d89,final-warm10,12,5,9,129.0,10.3,16.7,39.6,35.6,15.8,2.4,미측정,미측정,미측정(run 하한만),164.0,0,2,375.5,OK
32034908911,final-warm10-k12-ks5-1-9c7d89,final-warm10,12,5,10,133.6,7.4,16.6,44.6,36.8,16.0,3.8,미측정,미측정,미측정(run 하한만),164.0,0,2,375.5,OK
32034908911,final-warm10-k12-ks5-1-9c7d89,final-warm10,12,5,11,94.5,0.0,13.7,36.3,27.0,13.0,3.2,미측정,미측정,미측정(run 하한만),164.0,0,2,375.5,OK
32034908911,final-warm10-k12-ks5-2-8f3cfc,final-warm10,12,5,0,109.3,0.0,17.2,41.7,26.7,20.4,1.9,미측정,미측정,미측정(run 하한만),651.3,23.3,1,859.7,OK
32034908911,final-warm10-k12-ks5-2-8f3cfc,final-warm10,12,5,1,101.2,0.0,8.8,42.5,30.2,16.2,2.5,미측정,미측정,미측정(run 하한만),651.3,23.3,1,859.7,OK
32034908911,final-warm10-k12-ks5-2-8f3cfc,final-warm10,12,5,2,130.2,0.0,19.1,57.7,31.6,15.8,5.3,미측정,미측정,미측정(run 하한만),651.3,23.3,1,859.7,OK
32034908911,final-warm10-k12-ks5-2-8f3cfc,final-warm10,12,5,3,128.7,0.0,15.3,59.9,28.4,21.1,3.3,미측정,미측정,미측정(run 하한만),651.3,23.3,1,859.7,OK
32034908911,final-warm10-k12-ks5-2-8f3cfc,final-warm10,12,5,4,81.3,0.0,7.2,26.6,25.7,12.5,3.9,미측정,미측정,미측정(run 하한만),651.3,23.3,1,859.7,OK
32034908911,final-warm10-k12-ks5-2-8f3cfc,final-warm10,12,5,5,101.5,0.0,13.8,35.7,31.0,16.0,3.8,미측정,미측정,미측정(run 하한만),651.3,23.3,1,859.7,OK
32034908911,final-warm10-k12-ks5-2-8f3cfc,final-warm10,12,5,6,88.7,0.0,7.3,35.5,28.0,13.7,3.1,미측정,미측정,미측정(run 하한만),651.3,23.3,1,859.7,OK
32034908911,final-warm10-k12-ks5-2-8f3cfc,final-warm10,12,5,7,83.7,0.0,10.4,18.9,35.0,16.8,2.0,미측정,미측정,미측정(run 하한만),651.3,23.3,1,859.7,OK
32034908911,final-warm10-k12-ks5-2-8f3cfc,final-warm10,12,5,8,113.1,0.0,17.4,42.0,33.5,15.8,3.8,미측정,미측정,미측정(run 하한만),651.3,23.3,1,859.7,OK
32034908911,final-warm10-k12-ks5-2-8f3cfc,final-warm10,12,5,9,103.5,0.0,12.3,39.0,34.7,14.3,2.2,미측정,미측정,미측정(run 하한만),651.3,23.3,1,859.7,OK
32034908911,final-warm10-k12-ks5-2-8f3cfc,final-warm10,12,5,10,106.1,0.0,11.6,45.9,30.2,14.0,3.4,미측정,미측정,미측정(run 하한만),651.3,23.3,1,859.7,OK
32034908911,final-warm10-k12-ks5-2-8f3cfc,final-warm10,12,5,11,628.0,5.7,12.8,38.2,23.5,14.7,523.8,미측정,미측정,미측정(run 하한만),651.3,23.3,1,859.7,OK
32034908911,final-warm10-k12-ks5-3-b803ff,final-warm10,12,5,0,123.4,0.0,17.3,43.0,27.0,20.5,1.9,미측정,미측정,미측정(run 하한만),1033.7,348.4,4,1267.1,OK
32034908911,final-warm10-k12-ks5-3-b803ff,final-warm10,12,5,1,120.1,0.0,19.0,40.8,38.6,18.5,2.6,미측정,미측정,미측정(run 하한만),1033.7,348.4,4,1267.1,OK
32034908911,final-warm10-k12-ks5-3-b803ff,final-warm10,12,5,2,131.8,0.0,17.8,57.8,29.7,23.1,2.8,미측정,미측정,미측정(run 하한만),1033.7,348.4,4,1267.1,OK
32034908911,final-warm10-k12-ks5-3-b803ff,final-warm10,12,5,3,148.0,6.8,17.2,59.6,30.0,21.3,4.0,미측정,미측정,미측정(run 하한만),1033.7,348.4,4,1267.1,OK
32034908911,final-warm10-k12-ks5-3-b803ff,final-warm10,12,5,4,685.3,5.6,11.8,27.4,25.8,13.0,591.6,미측정,미측정,미측정(run 하한만),1033.7,348.4,4,1267.1,OK
32034908911,final-warm10-k12-ks5-3-b803ff,final-warm10,12,5,5,109.8,0.0,13.0,35.7,31.8,18.2,10.5,미측정,미측정,미측정(run 하한만),1033.7,348.4,4,1267.1,OK
32034908911,final-warm10-k12-ks5-3-b803ff,final-warm10,12,5,6,97.4,0.0,13.3,33.7,31.8,13.5,3.8,미측정,미측정,미측정(run 하한만),1033.7,348.4,4,1267.1,OK
32034908911,final-warm10-k12-ks5-3-b803ff,final-warm10,12,5,7,82.2,0.0,12.6,18.7,35.4,13.0,1.5,미측정,미측정,미측정(run 하한만),1033.7,348.4,4,1267.1,OK
32034908911,final-warm10-k12-ks5-3-b803ff,final-warm10,12,5,8,128.1,6.0,14.6,45.8,29.0,15.0,3.2,미측정,미측정,미측정(run 하한만),1033.7,348.4,4,1267.1,OK
32034908911,final-warm10-k12-ks5-3-b803ff,final-warm10,12,5,9,108.0,0.0,13.4,38.6,34.7,15.8,4.8,미측정,미측정,미측정(run 하한만),1033.7,348.4,4,1267.1,OK
32034908911,final-warm10-k12-ks5-3-b803ff,final-warm10,12,5,10,123.3,0.0,17.6,43.8,38.4,20.6,2.2,미측정,미측정,미측정(run 하한만),1033.7,348.4,4,1267.1,OK
32034908911,final-warm10-k12-ks5-3-b803ff,final-warm10,12,5,11,124.9,10.5,20.4,40.8,28.6,12.3,3.5,미측정,미측정,미측정(run 하한만),1033.7,348.4,4,1267.1,OK
32034908911,final-warm10-k12-ks5-4-5b7166,final-warm10,12,5,0,104.5,0.0,13.1,40.9,25.7,18.8,4.9,미측정,미측정,미측정(run 하한만),582.0,427.4,3,785.1,OK
32034908911,final-warm10-k12-ks5-4-5b7166,final-warm10,12,5,1,112.8,0.0,15.7,40.3,36.0,15.5,4.0,미측정,미측정,미측정(run 하한만),582.0,427.4,3,785.1,OK
32034908911,final-warm10-k12-ks5-4-5b7166,final-warm10,12,5,2,154.6,7.5,19.7,60.2,28.7,24.1,2.0,미측정,미측정,미측정(run 하한만),582.0,427.4,3,785.1,OK
32034908911,final-warm10-k12-ks5-4-5b7166,final-warm10,12,5,3,127.3,0.0,12.7,58.4,29.2,21.9,4.4,미측정,미측정,미측정(run 하한만),582.0,427.4,3,785.1,OK
32034908911,final-warm10-k12-ks5-4-5b7166,final-warm10,12,5,4,93.2,0.0,14.7,28.0,32.0,15.4,2.5,미측정,미측정,미측정(run 하한만),582.0,427.4,3,785.1,OK
32034908911,final-warm10-k12-ks5-4-5b7166,final-warm10,12,5,5,115.5,6.7,14.7,36.0,31.1,15.0,4.5,미측정,미측정,미측정(run 하한만),582.0,427.4,3,785.1,OK
32034908911,final-warm10-k12-ks5-4-5b7166,final-warm10,12,5,6,99.2,0.0,11.8,33.8,31.7,17.5,3.7,미측정,미측정,미측정(run 하한만),582.0,427.4,3,785.1,OK
32034908911,final-warm10-k12-ks5-4-5b7166,final-warm10,12,5,7,83.0,0.0,11.3,20.6,35.9,12.3,2.1,미측정,미측정,미측정(run 하한만),582.0,427.4,3,785.1,OK
32034908911,final-warm10-k12-ks5-4-5b7166,final-warm10,12,5,8,115.9,5.1,11.4,44.8,24.2,16.2,2.4,미측정,미측정,미측정(run 하한만),582.0,427.4,3,785.1,OK
32034908911,final-warm10-k12-ks5-4-5b7166,final-warm10,12,5,9,104.6,0.0,12.1,38.5,34.4,15.6,3.3,미측정,미측정,미측정(run 하한만),582.0,427.4,3,785.1,OK
32034908911,final-warm10-k12-ks5-4-5b7166,final-warm10,12,5,10,113.5,0.0,14.6,43.4,35.7,17.0,2.2,미측정,미측정,미측정(run 하한만),582.0,427.4,3,785.1,OK
32034908911,final-warm10-k12-ks5-4-5b7166,final-warm10,12,5,11,95.0,0.0,12.7,37.6,27.9,14.6,1.3,미측정,미측정,미측정(run 하한만),582.0,427.4,3,785.1,OK
32034908911,final-warm10-k12-ks5-5-acbf54,final-warm10,12,5,0,118.0,0.0,12.0,44.4,39.0,18.1,3.7,미측정,미측정,미측정(run 하한만),312.5,179.8,2,510.1,OK
32034908911,final-warm10-k12-ks5-5-acbf54,final-warm10,12,5,1,109.2,0.0,14.2,40.3,35.7,14.3,4.0,미측정,미측정,미측정(run 하한만),312.5,179.8,2,510.1,OK
32034908911,final-warm10-k12-ks5-5-acbf54,final-warm10,12,5,2,116.7,0.0,10.1,60.2,24.2,18.5,2.7,미측정,미측정,미측정(run 하한만),312.5,179.8,2,510.1,OK
32034908911,final-warm10-k12-ks5-5-acbf54,final-warm10,12,5,3,132.7,0.0,16.1,60.3,30.7,22.9,1.7,미측정,미측정,미측정(run 하한만),312.5,179.8,2,510.1,OK
32034908911,final-warm10-k12-ks5-5-acbf54,final-warm10,12,5,4,103.0,6.6,14.6,27.8,30.4,12.3,2.6,미측정,미측정,미측정(run 하한만),312.5,179.8,2,510.1,OK
32034908911,final-warm10-k12-ks5-5-acbf54,final-warm10,12,5,5,97.5,0.0,10.9,35.2,30.4,15.0,5.3,미측정,미측정,미측정(run 하한만),312.5,179.8,2,510.1,OK
32034908911,final-warm10-k12-ks5-5-acbf54,final-warm10,12,5,6,88.2,0.0,7.2,35.6,26.9,13.7,3.9,미측정,미측정,미측정(run 하한만),312.5,179.8,2,510.1,OK
32034908911,final-warm10-k12-ks5-5-acbf54,final-warm10,12,5,7,79.1,0.0,10.2,18.5,35.8,11.6,1.9,미측정,미측정,미측정(run 하한만),312.5,179.8,2,510.1,OK
32034908911,final-warm10-k12-ks5-5-acbf54,final-warm10,12,5,8,118.1,0.0,16.0,44.3,36.4,19.2,1.7,미측정,미측정,미측정(run 하한만),312.5,179.8,2,510.1,OK
32034908911,final-warm10-k12-ks5-5-acbf54,final-warm10,12,5,9,121.7,6.6,15.9,40.5,35.6,12.2,2.7,미측정,미측정,미측정(run 하한만),312.5,179.8,2,510.1,OK
32034908911,final-warm10-k12-ks5-5-acbf54,final-warm10,12,5,10,116.7,0.0,15.3,43.6,35.7,17.8,3.3,미측정,미측정,미측정(run 하한만),312.5,179.8,2,510.1,OK
32034908911,final-warm10-k12-ks5-5-acbf54,final-warm10,12,5,11,93.4,0.0,11.7,35.9,27.1,13.3,4.7,미측정,미측정,미측정(run 하한만),312.5,179.8,2,510.1,OK
32034908911,final-warm10-k12-ks5-6-e3f81a,final-warm10,12,5,0,134.3,0.0,14.5,42.1,25.7,15.0,4.3,미측정,미측정,미측정(run 하한만),234.4,100.1,1,441.6,OK
32034908911,final-warm10-k12-ks5-6-e3f81a,final-warm10,12,5,1,110.9,0.0,14.8,40.7,36.5,13.8,4.5,미측정,미측정,미측정(run 하한만),234.4,100.1,1,441.6,OK
32034908911,final-warm10-k12-ks5-6-e3f81a,final-warm10,12,5,2,124.8,0.0,13.6,57.5,28.0,20.5,4.2,미측정,미측정,미측정(run 하한만),234.4,100.1,1,441.6,OK
32034908911,final-warm10-k12-ks5-6-e3f81a,final-warm10,12,5,3,123.6,0.0,12.1,58.3,28.2,20.6,3.4,미측정,미측정,미측정(run 하한만),234.4,100.1,1,441.6,OK
32034908911,final-warm10-k12-ks5-6-e3f81a,final-warm10,12,5,4,84.8,0.0,12.6,26.7,29.7,11.0,3.7,미측정,미측정,미측정(run 하한만),234.4,100.1,1,441.6,OK
32034908911,final-warm10-k12-ks5-6-e3f81a,final-warm10,12,5,5,89.3,0.0,6.2,37.0,26.3,15.7,3.2,미측정,미측정,미측정(run 하한만),234.4,100.1,1,441.6,OK
32034908911,final-warm10-k12-ks5-6-e3f81a,final-warm10,12,5,6,96.3,0.0,13.6,34.3,31.7,11.5,4.4,미측정,미측정,미측정(run 하한만),234.4,100.1,1,441.6,OK
32034908911,final-warm10-k12-ks5-6-e3f81a,final-warm10,12,5,7,133.4,5.9,7.8,21.2,28.5,10.7,48.1,미측정,미측정,미측정(run 하한만),234.4,100.1,1,441.6,OK
32034908911,final-warm10-k12-ks5-6-e3f81a,final-warm10,12,5,8,104.5,0.0,7.3,44.1,29.2,15.9,7.2,미측정,미측정,미측정(run 하한만),234.4,100.1,1,441.6,OK
32034908911,final-warm10-k12-ks5-6-e3f81a,final-warm10,12,5,9,105.0,0.0,12.1,39.0,35.0,14.8,3.4,미측정,미측정,미측정(run 하한만),234.4,100.1,1,441.6,OK
32034908911,final-warm10-k12-ks5-6-e3f81a,final-warm10,12,5,10,111.9,0.0,13.3,43.3,35.7,16.5,2.4,미측정,미측정,미측정(run 하한만),234.4,100.1,1,441.6,OK
32034908911,final-warm10-k12-ks5-6-e3f81a,final-warm10,12,5,11,96.9,0.0,11.6,35.7,26.7,16.5,4.7,미측정,미측정,미측정(run 하한만),234.4,100.1,1,441.6,OK
32034908911,final-warm10-k12-ks5-7-80cc2c,final-warm10,12,5,0,103.2,0.0,12.1,41.4,25.9,17.8,4.9,미측정,미측정,미측정(run 하한만),239.1,100.0,1,452.2,OK
32034908911,final-warm10-k12-ks5-7-80cc2c,final-warm10,12,5,1,117.0,0.0,16.0,40.8,36.5,18.2,4.5,미측정,미측정,미측정(run 하한만),239.1,100.0,1,452.2,OK
32034908911,final-warm10-k12-ks5-7-80cc2c,final-warm10,12,5,2,126.0,0.0,16.1,57.0,27.7,19.3,4.8,미측정,미측정,미측정(run 하한만),239.1,100.0,1,452.2,OK
32034908911,final-warm10-k12-ks5-7-80cc2c,final-warm10,12,5,3,123.6,0.0,12.7,59.4,28.4,19.6,2.3,미측정,미측정,미측정(run 하한만),239.1,100.0,1,452.2,OK
32034908911,final-warm10-k12-ks5-7-80cc2c,final-warm10,12,5,4,83.3,0.0,10.9,26.4,29.6,12.8,2.9,미측정,미측정,미측정(run 하한만),239.1,100.0,1,452.2,OK
32034908911,final-warm10-k12-ks5-7-80cc2c,final-warm10,12,5,5,89.0,0.0,6.4,37.1,26.0,16.0,2.6,미측정,미측정,미측정(run 하한만),239.1,100.0,1,452.2,OK
32034908911,final-warm10-k12-ks5-7-80cc2c,final-warm10,12,5,6,94.7,0.0,11.8,33.7,31.6,13.3,3.5,미측정,미측정,미측정(run 하한만),239.1,100.0,1,452.2,OK
32034908911,final-warm10-k12-ks5-7-80cc2c,final-warm10,12,5,7,65.8,0.0,5.3,19.7,26.9,11.7,1.6,미측정,미측정,미측정(run 하한만),239.1,100.0,1,452.2,OK
32034908911,final-warm10-k12-ks5-7-80cc2c,final-warm10,12,5,8,139.1,7.6,18.8,44.1,35.5,18.7,1.4,미측정,미측정,미측정(run 하한만),239.1,100.0,1,452.2,OK
32034908911,final-warm10-k12-ks5-7-80cc2c,final-warm10,12,5,9,104.0,0.0,12.0,39.0,34.9,15.3,2.2,미측정,미측정,미측정(run 하한만),239.1,100.0,1,452.2,OK
32034908911,final-warm10-k12-ks5-7-80cc2c,final-warm10,12,5,10,115.0,0.0,14.2,43.9,35.9,16.8,3.6,미측정,미측정,미측정(run 하한만),239.1,100.0,1,452.2,OK
32034908911,final-warm10-k12-ks5-7-80cc2c,final-warm10,12,5,11,89.3,0.0,12.0,35.6,26.2,12.1,2.8,미측정,미측정,미측정(run 하한만),239.1,100.0,1,452.2,OK
32034908911,final-warm10-k12-ks5-8-8a077d,final-warm10,12,5,0,103.1,0.0,12.2,41.4,26.5,18.3,3.9,미측정,미측정,미측정(run 하한만),233.2,107.6,1,447.2,OK
32034908911,final-warm10-k12-ks5-8-8a077d,final-warm10,12,5,1,124.1,0.0,27.3,40.9,35.7,14.8,4.5,미측정,미측정,미측정(run 하한만),233.2,107.6,1,447.2,OK
32034908911,final-warm10-k12-ks5-8-8a077d,final-warm10,12,5,2,121.9,0.0,13.3,57.1,27.7,18.3,4.9,미측정,미측정,미측정(run 하한만),233.2,107.6,1,447.2,OK
32034908911,final-warm10-k12-ks5-8-8a077d,final-warm10,12,5,3,125.6,0.0,13.4,59.2,29.1,19.8,3.5,미측정,미측정,미측정(run 하한만),233.2,107.6,1,447.2,OK
32034908911,final-warm10-k12-ks5-8-8a077d,final-warm10,12,5,4,86.5,0.0,11.2,26.5,29.4,12.8,6.1,미측정,미측정,미측정(run 하한만),233.2,107.6,1,447.2,OK
32034908911,final-warm10-k12-ks5-8-8a077d,final-warm10,12,5,5,89.7,0.0,6.5,37.3,25.5,16.4,3.1,미측정,미측정,미측정(run 하한만),233.2,107.6,1,447.2,OK
32034908911,final-warm10-k12-ks5-8-8a077d,final-warm10,12,5,6,120.9,7.6,16.2,35.4,32.7,14.5,1.5,미측정,미측정,미측정(run 하한만),233.2,107.6,1,447.2,OK
32034908911,final-warm10-k12-ks5-8-8a077d,final-warm10,12,5,7,75.8,0.0,9.9,18.7,32.7,11.0,2.9,미측정,미측정,미측정(run 하한만),233.2,107.6,1,447.2,OK
32034908911,final-warm10-k12-ks5-8-8a077d,final-warm10,12,5,8,98.9,0.0,7.6,44.5,27.5,16.4,2.3,미측정,미측정,미측정(run 하한만),233.2,107.6,1,447.2,OK
32034908911,final-warm10-k12-ks5-8-8a077d,final-warm10,12,5,9,105.8,0.0,12.8,38.9,35.4,15.8,2.2,미측정,미측정,미측정(run 하한만),233.2,107.6,1,447.2,OK
32034908911,final-warm10-k12-ks5-8-8a077d,final-warm10,12,5,10,112.5,0.0,12.7,43.1,35.7,14.8,5.7,미측정,미측정,미측정(run 하한만),233.2,107.6,1,447.2,OK
32034908911,final-warm10-k12-ks5-8-8a077d,final-warm10,12,5,11,92.9,0.0,12.4,36.2,26.7,13.7,3.1,미측정,미측정,미측정(run 하한만),233.2,107.6,1,447.2,OK
32034908911,final-warm10-k12-ks5-9-530d23,final-warm10,12,5,0,104.6,0.0,15.0,41.7,27.2,17.5,2.0,미측정,미측정,미측정(run 하한만),235.4,102.3,1,444.5,OK
32034908911,final-warm10-k12-ks5-9-530d23,final-warm10,12,5,1,107.9,0.0,13.2,40.1,35.2,13.5,5.1,미측정,미측정,미측정(run 하한만),235.4,102.3,1,444.5,OK
32034908911,final-warm10-k12-ks5-9-530d23,final-warm10,12,5,2,124.5,0.0,13.6,57.2,27.4,21.3,4.4,미측정,미측정,미측정(run 하한만),235.4,102.3,1,444.5,OK
32034908911,final-warm10-k12-ks5-9-530d23,final-warm10,12,5,3,126.3,0.0,13.0,58.9,28.5,21.1,3.8,미측정,미측정,미측정(run 하한만),235.4,102.3,1,444.5,OK
32034908911,final-warm10-k12-ks5-9-530d23,final-warm10,12,5,4,86.6,0.0,11.8,26.6,29.9,13.3,4.4,미측정,미측정,미측정(run 하한만),235.4,102.3,1,444.5,OK
32034908911,final-warm10-k12-ks5-9-530d23,final-warm10,12,5,5,97.8,0.0,11.1,35.2,30.4,15.6,3.8,미측정,미측정,미측정(run 하한만),235.4,102.3,1,444.5,OK
32034908911,final-warm10-k12-ks5-9-530d23,final-warm10,12,5,6,88.0,0.0,7.1,35.6,25.9,15.4,3.0,미측정,미측정,미측정(run 하한만),235.4,102.3,1,444.5,OK
32034908911,final-warm10-k12-ks5-9-530d23,final-warm10,12,5,7,77.8,0.0,10.0,18.8,33.0,11.3,4.1,미측정,미측정,미측정(run 하한만),235.4,102.3,1,444.5,OK
32034908911,final-warm10-k12-ks5-9-530d23,final-warm10,12,5,8,100.0,0.0,7.4,44.4,27.9,16.4,3.1,미측정,미측정,미측정(run 하한만),235.4,102.3,1,444.5,OK
32034908911,final-warm10-k12-ks5-9-530d23,final-warm10,12,5,9,104.1,0.0,12.5,38.5,35.0,14.3,3.2,미측정,미측정,미측정(run 하한만),235.4,102.3,1,444.5,OK
32034908911,final-warm10-k12-ks5-9-530d23,final-warm10,12,5,10,133.1,6.6,17.2,45.2,35.6,16.8,3.1,미측정,미측정,미측정(run 하한만),235.4,102.3,1,444.5,OK
32034908911,final-warm10-k12-ks5-9-530d23,final-warm10,12,5,11,90.1,0.0,11.7,35.4,26.4,12.0,3.9,미측정,미측정,미측정(run 하한만),235.4,102.3,1,444.5,OK
